id,src,item_id,created_at,updated_at
30,30.jpg,20,2020-01-18 05:00:00,2020-01-18 05:00:00
31,31.jpg,21,2020-01-18 05:00:00,2020-01-18 05:00:00
32,32.jpg,22,2020-01-18 05:00:00,2020-01-18 05:00:00
33,33.jpg,23,2020-01-18 05:00:00,2020-01-18 05:00:00
34,34.jpg,24,2020-01-18 05:00:00,2020-01-18 05:00:00
35,35.jpg,25,2020-01-18 05:00:00,2020-01-18 05:00:00
36,36.jpg,26,2020-01-18 05:00:00,2020-01-18 05:00:00
37,37.png,27,2020-01-18 05:00:00,2020-01-18 05:00:00
38,38.jpg,28,2020-01-18 05:00:00,2020-01-18 05:00:00
39,39.jpg,29,2020-01-18 05:00:00,2020-01-18 05:00:00
40,40.jpg,30,2020-01-18 05:00:00,2020-01-18 05:00:00
41,41.jpg,31,2020-01-18 05:00:00,2020-01-18 05:00:00
42,42.jpg,32,2020-01-18 05:00:00,2020-01-18 05:00:00
43,43.jpg,33,2020-01-18 05:00:00,2020-01-18 05:00:00
44,44.jpg,34,2020-01-18 05:00:00,2020-01-18 05:00:00
45,45.jpg,35,2020-01-18 05:00:00,2020-01-18 05:00:00
46,46.jpg,36,2020-01-18 05:00:00,2020-01-18 05:00:00
47,47.jpg,37,2020-01-18 05:00:00,2020-01-18 05:00:00
48,48.png,38,2020-01-18 05:00:00,2020-01-18 05:00:00
49,49.jpg,39,2020-01-18 05:00:00,2020-01-18 05:00:00
50,50.jpg,40,2020-01-18 05:00:00,2020-01-18 05:00:00
51,51.jpg,41,2020-01-18 05:00:00,2020-01-18 05:00:00
52,52.jpg,42,2020-01-18 05:00:00,2020-01-18 05:00:00
53,53.jpg,43,2020-01-18 05:00:00,2020-01-18 05:00:00
54,54.jpg,44,2020-01-18 05:00:00,2020-01-18 05:00:00
55,55.jpg,45,2020-01-18 05:00:00,2020-01-18 05:00:00
56,56.jpg,46,2020-01-18 05:00:00,2020-01-18 05:00:00
57,57.jpg,47,2020-01-18 05:00:00,2020-01-18 05:00:00
58,58.jpg,48,2020-01-18 05:00:00,2020-01-18 05:00:00
59,59.jpg,49,2020-01-18 05:00:00,2020-01-18 05:00:00
